iter	RMSE
0	1.938861195
1	1.861253279
2	1.795546461
3	1.730004051
4	1.679867324
5	1.636007705
6	1.586089737
7	1.542713048
8	1.508981195
9	1.471802248
10	1.442170111
11	1.407458238
12	1.379515416
13	1.354692556
14	1.331674541
15	1.309407799
16	1.289385037
17	1.270996542
18	1.25065352
19	1.233508871
20	1.215404059
21	1.199003003
22	1.183535184
23	1.16879158
24	1.152189589
25	1.136519479
26	1.124087831
27	1.112482628
28	1.099318505
29	1.087920838
30	1.078750009
31	1.07130856
32	1.060352838
33	1.050917509
34	1.042693209
35	1.033903307
36	1.023857532
37	1.016368418
38	1.00815783
39	0.9962285447
40	0.9880217563
41	0.9796382112
42	0.9705500312
43	0.9620684903
44	0.9523674252
45	0.9442174968
46	0.9392700006
47	0.9318667957
48	0.9245743448
49	0.9169793945
50	0.9134971208
51	0.9066380501
52	0.9003616991
53	0.8938843337
54	0.8883293016
55	0.882414756
56	0.8781915032
57	0.8734214935
58	0.8685121718
59	0.8644643274
60	0.8589919955
61	0.8546648886
62	0.8493826411
63	0.8413662897
64	0.8360113255
65	0.8304522786
66	0.8244521572
67	0.8195585374
68	0.8165921819
69	0.8129621334
70	0.8084349328
71	0.802326928
72	0.7992364088
73	0.7965520487
74	0.7930669378
75	0.788801381
76	0.7836798132
77	0.7801015884
78	0.7767345513
79	0.7742175558
80	0.7720573301
81	0.7688868679
82	0.7664926438
83	0.7638109079
84	0.7599429261
85	0.7567565196
86	0.7535993811
87	0.7496563933
88	0.7451341517
89	0.7418237963
90	0.7380767572
91	0.735923612
92	0.7308665339
93	0.7277267467
94	0.7244903805
95	0.7204706009
96	0.7165051273
97	0.7143586721
98	0.7110120868
99	0.7082307864
100	0.7040221126
101	0.7011962748
102	0.6978614517
103	0.694784238
104	0.6910511934
105	0.6870067602
106	0.683888207
107	0.6819130088
108	0.6795368996
109	0.6759290399
110	0.6720170692
111	0.6701316546
112	0.6687974917
113	0.6666526563
114	0.6646461322
115	0.6626399574
116	0.6586369679
117	0.6559965789
118	0.6531339979
119	0.6496820819
120	0.647373269
121	0.6451037109
122	0.643072887
123	0.640824322
124	0.6396199998
125	0.6363658646
126	0.6333146614
127	0.6313706525
128	0.6303255516
129	0.628585554
130	0.6267659128
131	0.6247078203
132	0.6218566741
133	0.6196624684
134	0.6183838419
135	0.6169193647
136	0.6147886358
137	0.6124549351
138	0.6102667395
139	0.6090758706
140	0.6068491734
141	0.6052314732
142	0.6032966549
143	0.60164132
144	0.5993604064
145	0.5983664008
146	0.5958492394
147	0.5945311129
148	0.5922952627
149	0.5910045939
150	0.5884100092
151	0.5860540451
152	0.585225617
153	0.5831370966
154	0.580407753
155	0.5779819494
156	0.5761827879
157	0.5740612262
158	0.572257659
159	0.5712166161
160	0.5694644426
161	0.5678908324
162	0.5661752108
163	0.5654521538
164	0.5633654225
165	0.5611211345
166	0.5599329162
167	0.556503139
168	0.5553664338
169	0.5542235649
170	0.5521991982
171	0.5509928744
172	0.549970019
173	0.5491963485
174	0.548358376
175	0.5470481705
176	0.5451343341
177	0.5437654799
178	0.5428858453
179	0.5413161745
180	0.5401083853
181	0.5383037189
182	0.5368941894
183	0.5356462881
184	0.5347584569
185	0.5326064319
186	0.5310108923
187	0.5288991131
188	0.5269572531
189	0.5261171255
190	0.5249538325
191	0.5235854113
192	0.5229455347
193	0.521722239
194	0.5194066137
195	0.5173052635
196	0.5162272337
197	0.5152749704
198	0.5140900182
199	0.5119309445
200	0.510534828
201	0.5086155668
202	0.5068929714
203	0.5047714675
204	0.5039259821
205	0.503317347
206	0.5024339203
207	0.5013147618
208	0.4999230515
209	0.4982709236
210	0.4972438465
211	0.495708746
212	0.4949300037
213	0.4940715194
214	0.4925606798
215	0.4908879426
216	0.4890478048
217	0.4883266761
218	0.4875381937
219	0.486704417
220	0.4856526643
221	0.4851603875
222	0.4841853963
223	0.4832555788
224	0.4822579989
225	0.4811601332
226	0.4802708791
227	0.4788827824
228	0.4780501421
229	0.4766706928
230	0.4758012488
231	0.4752585402
232	0.4741084518
233	0.472432332
234	0.4718196576
235	0.4706297325
236	0.4694027361
237	0.4687940192
238	0.4672982932
239	0.4664454364
240	0.4660292806
241	0.465105696
242	0.4639117401
243	0.4633732328
244	0.4618258122
245	0.4611293693
246	0.4601433805
247	0.4593088737
248	0.4584901555
249	0.4573191108
250	0.4568688872
251	0.4563074422
252	0.4554227629
253	0.454021329
254	0.4531511675
255	0.4524562164
256	0.4512171199
257	0.4505499229
258	0.4501351228
259	0.4493148123
260	0.448293676
261	0.4467424928
262	0.4460097729
263	0.4447344116
264	0.4441066872
265	0.4426265184
266	0.4417461435
267	0.4411721375
268	0.4399959453
269	0.4389798037
270	0.4380341975
271	0.4375233793
272	0.4371878068
273	0.4364341016
274	0.4354194198
275	0.4347476325
276	0.4339014176
277	0.4324779078
278	0.4321375368
279	0.4310634954
280	0.4301315823
281	0.4295538029
282	0.4291480158
283	0.4284461717
284	0.4279285304
285	0.426981281
286	0.4256156846
287	0.4251120312
288	0.4245230091
289	0.4232537513
290	0.4224588636
291	0.4209842612
292	0.4205232577
293	0.419254986
294	0.4181820628
295	0.417334008
296	0.4168537283
297	0.4159839148
298	0.4155775932
299	0.4143146801
300	0.4137997332
301	0.4132668235
302	0.4122105299
303	0.410808903
304	0.4097799528
305	0.4089380959
306	0.4084347584
307	0.4078814457
308	0.4074718867
309	0.4069768801
310	0.4058113555
311	0.4048928769
312	0.4043143127
313	0.4036513774
314	0.4031713425
315	0.402809522
316	0.4021880984
317	0.4012557083
318	0.4002819092
319	0.3995719332
320	0.3983711545
321	0.3979364226
322	0.3969493795
323	0.3964116368
324	0.3958056912
325	0.3947684414
326	0.3944006062
327	0.3938393736
328	0.3932278247
329	0.3923532042
330	0.3921473657
331	0.3912442478
332	0.3908504825
333	0.3898236731
334	0.3886247281
335	0.3875393251
336	0.3862823967
337	0.3855155529
338	0.3843569964
339	0.3835620949
340	0.3827673708
341	0.3814383531
342	0.3809390573
343	0.3806420257
344	0.380263432
345	0.3799028676
346	0.3794226216
347	0.3789216877
348	0.3782396607
349	0.3772416884
350	0.3765642443
351	0.3759802385
352	0.3750335656
353	0.3741520237
354	0.3737111943
355	0.3731593475
356	0.3724075805
357	0.3718962598
358	0.3705953271
359	0.3702530252
360	0.3698165033
361	0.3686385434
362	0.3682847878
363	0.3679475406
364	0.3673959185
365	0.3667273612
366	0.3662362859
367	0.365226807
368	0.3647805876
369	0.3639895381
370	0.3630693167
371	0.3623741947
372	0.3619162748
373	0.3611318395
374	0.3599183441
375	0.359049022
376	0.3583544033
377	0.3577653897
378	0.3575222359
379	0.3569527505
380	0.3562865423
381	0.3555578275
382	0.3547391936
383	0.3544580252
384	0.3538288928
385	0.3532688832
386	0.3530262048
387	0.3523778989
388	0.3516352205
389	0.3512420898
390	0.3508531325
391	0.3500136143
392	0.3497500141
393	0.3492940212
394	0.3487704123
395	0.3476944948
396	0.3466658702
397	0.3458149339
398	0.3455052958
399	0.3449196006
400	0.3443502157
401	0.3437337969
402	0.3429534728
403	0.3422233069
404	0.3412051729
405	0.3408463256
406	0.3398207792
407	0.3394025441
408	0.3388597766
409	0.3380263331
410	0.3376965776
411	0.337197523
412	0.3364883407
413	0.3362295071
414	0.3355471979
415	0.3349820776
416	0.3339939959
417	0.333671244
418	0.3331727065
419	0.3326631133
420	0.3318094258
421	0.3310430539
422	0.3305616526
423	0.330303424
424	0.3296585828
425	0.3292255318
426	0.3287362939
427	0.3278846371
428	0.3272108434
429	0.3268751199
430	0.3265355467
431	0.3260234503
432	0.3256439226
433	0.3248445676
434	0.3242697452
435	0.3236525592
436	0.3233777366
437	0.3228400186
438	0.3221712444
439	0.3216247427
440	0.3213208159
441	0.3204921727
442	0.3202144092
443	0.3194043221
444	0.3190176068
445	0.3182154746
446	0.317499336
447	0.3172348552
448	0.3164184179
449	0.3159675865
450	0.3156008355
451	0.3150719049
452	0.3145130178
453	0.3138615901
454	0.3133719743
455	0.3128090222
456	0.3121962369
457	0.3114372673
458	0.3109220767
459	0.3102698095
460	0.3097988947
461	0.3091562441
462	0.3084958312
463	0.3080570938
464	0.3075545797
465	0.306978399
466	0.3064719012
467	0.3060492573
468	0.3057582232
469	0.3053124344
470	0.3047393953
471	0.3042960478
472	0.3034946305
473	0.3031183715
474	0.3026878564
475	0.3019569466
476	0.3013941769
477	0.3009807831
478	0.3005221644
479	0.3001860632
480	0.2994837461
481	0.2990499287
482	0.2981375276
483	0.2974863676
484	0.2968381564
485	0.2961190281
486	0.2957160702
487	0.2953409809
488	0.2948682675
489	0.2943489161
490	0.2940092968
491	0.2933636757
492	0.2930850608
493	0.2927858589
494	0.2923664822
495	0.2919188557
496	0.2915987747
497	0.2909855704
498	0.2904558101
499	0.2900439637
500	0.2895765847
501	0.2891584838
502	0.2885468049
503	0.2882362675
504	0.2877038668
505	0.2873156329
506	0.2868366663
507	0.2863915497
508	0.2860033263
509	0.2855669821
510	0.2851763046
511	0.2848748994
512	0.2844125713
513	0.2840647408
514	0.283727117
515	0.2834027683
516	0.2827305265
517	0.2823645995
518	0.2821061084
519	0.2816826762
520	0.2812304999
521	0.2809226689
522	0.2802980421
523	0.2799134416
524	0.2797464459
525	0.2792853948
526	0.2788655915
527	0.2784821294
528	0.2780270556
529	0.2777178589
530	0.2771373981
531	0.2768324698
532	0.2763747721
533	0.2760062839
534	0.2756705129
535	0.2751559169
536	0.2745762855
537	0.2743376685
538	0.2739512342
539	0.2736974749
540	0.2733318612
541	0.2730480644
542	0.2724363093
543	0.2719682938
544	0.2716522715
545	0.2712897853
546	0.2706797793
547	0.2704907783
548	0.2696912543
549	0.2693435076
550	0.2687710681
551	0.2685626614
552	0.2683267826
553	0.2679254862
554	0.2671190399
555	0.2669723102
556	0.266694001
557	0.26654198
558	0.2659462238
559	0.2654401564
560	0.264902926
561	0.2647034249
562	0.2643746406
563	0.2641256625
564	0.2639211008
565	0.2634850246
566	0.2631347464
567	0.2627668541
568	0.2625544316
569	0.2622351939
570	0.261947027
571	0.2614949278
572	0.26080136
573	0.2605875442
574	0.2600728139
575	0.2596040417
576	0.2590128775
577	0.2586700008
578	0.2583557694
579	0.2580100969
580	0.2575163462
581	0.2571233853
582	0.2566023272
583	0.2561165193
584	0.2557421777
585	0.255387442
586	0.2549687559
587	0.2546611572
588	0.2539623295
589	0.2536990534
590	0.2535809786
591	0.2533605595
592	0.2532589867
593	0.252736964
594	0.2525185872
595	0.2523113238
596	0.2519668735
597	0.2516292769
598	0.2513831244
599	0.2511999684
600	0.2509523195
601	0.2505603054
602	0.2501812201
603	0.2498485583
604	0.2495008153
605	0.2491223403
606	0.2484157891
607	0.2483312105
608	0.2479908356
609	0.2478150113
610	0.2475075018
611	0.2471521594
612	0.2468374804
613	0.2467421749
614	0.2466174594
615	0.2463728214
616	0.2460355463
617	0.2454942269
618	0.2451028493
619	0.2449874158
620	0.2447597759
621	0.2445358233
622	0.2442469519
623	0.2440667087
624	0.2438099177
625	0.2436226749
626	0.2433845954
627	0.2429987159
628	0.2427194125
629	0.2423518531
630	0.2421870258
631	0.2417034899
632	0.2415211308
633	0.2412019986
634	0.2409055515
635	0.2407600897
636	0.2405190651
637	0.2403467926
638	0.2400479752
639	0.2396055376
640	0.2392752181
641	0.2390001301
642	0.2385611277
643	0.2382627171
644	0.238024793
645	0.2378264974
646	0.2372848055
647	0.2369716039
648	0.2363553245
649	0.235850127
650	0.2353091313
651	0.2348134031
652	0.2345261916
653	0.2342854695
654	0.2338248491
655	0.2335660032
656	0.2333408613
657	0.2332105178
658	0.2331053855
659	0.2329689634
660	0.2327266247
661	0.2324383622
662	0.2322220186
663	0.2319996168
664	0.2316463515
665	0.2314733113
666	0.2312960059
667	0.2308551982
668	0.2305877833
669	0.2300574087
670	0.2298638241
671	0.2295676704
672	0.2291976965
673	0.2288375782
674	0.2286922685
675	0.2283791141
676	0.2280242008
677	0.2278804009
678	0.2274121786
679	0.2271457095
680	0.2268570742
681	0.2265989498
682	0.2264646002
683	0.2263613663
684	0.2261021896
685	0.2257658862
686	0.2253062473
687	0.2250641214
688	0.2245785257
689	0.2241618468
690	0.2238895679
691	0.2236653449
692	0.223401194
693	0.223020392
694	0.2228442078
695	0.2227228069
696	0.2226136705
697	0.2222835998
698	0.2219394536
699	0.2215397935
700	0.2214096975
701	0.2210916266
702	0.2207240164
703	0.2202764859
704	0.220204223
705	0.2198471315
706	0.2197699522
707	0.2196210916
708	0.2194836833
709	0.2192811495
710	0.2190631085
711	0.2187267344
712	0.2185022633
713	0.2182765844
714	0.2182260214
715	0.2179860079
716	0.2178630206
717	0.2174506227
718	0.2170864748
719	0.2166234003
720	0.2163098741
721	0.2160109852
722	0.2156427898
723	0.2151404531
724	0.2149774478
725	0.2148083614
726	0.214433593
727	0.2143159606
728	0.2139250967
729	0.2136825448
730	0.2135527361
731	0.21340948
732	0.2131777543
733	0.2129891557
734	0.2127835974
735	0.2125781406
736	0.2122508727
737	0.2119074159
738	0.2116769523
739	0.2113216516
740	0.2111303203
741	0.2106192668
742	0.210085654
743	0.2099532059
744	0.2097795863
745	0.2093553187
746	0.2091874632
747	0.2088499887
748	0.2085201641
749	0.2082081626
750	0.2080666855
751	0.2077277248
752	0.2073799205
753	0.2070485566
754	0.2068402185
755	0.2067608367
756	0.2064732408
757	0.2062050252
758	0.2060714352
759	0.2058433895
760	0.2056946756
761	0.2055149786
762	0.2052247882
763	0.2050885475
764	0.204710797
765	0.2044245108
766	0.2041819295
767	0.2038688723
768	0.2036132722
769	0.2034745098
770	0.2033277875
771	0.2030584196
772	0.2026757055
773	0.202391271
774	0.2020079987
775	0.201810141
776	0.2014660861
777	0.2011256865
778	0.2009254632
779	0.2006819435
780	0.2003495278
781	0.1999868146
782	0.1997453524
783	0.1994091736
784	0.1990935341
785	0.1989220726
786	0.198731473
787	0.1983736946
788	0.1980246802
789	0.1978082513
790	0.1977226549
791	0.1976646341
792	0.1974199703
793	0.1971936397
794	0.1970201217
795	0.1968680211
796	0.1965814088
797	0.196222689
798	0.1961144747
799	0.1959848186
800	0.195686073
801	0.1955397077
802	0.1952511295
803	0.1951355828
804	0.1949154388
805	0.1948332215
806	0.1945845345
807	0.1944072118
808	0.194156258
809	0.1938220777
810	0.1935486907
811	0.1934276454
812	0.1930861623
813	0.1929576608
814	0.1928679097
815	0.1927219105
816	0.1926043791
817	0.1923444915
818	0.1920796462
819	0.191975619
820	0.1917205211
821	0.1915835962
822	0.1911865511
823	0.1910173053
824	0.1907630249
825	0.1907046186
826	0.1905663337
827	0.190263415
828	0.1901403634
829	0.1896991673
830	0.1894835336
831	0.1892426049
832	0.1889741748
833	0.1888053856
834	0.1885915458
835	0.1882417804
836	0.1880022676
837	0.1877368718
838	0.1875995195
839	0.1874802189
840	0.1870917125
841	0.1868476582
842	0.1865188576
843	0.1864197453
844	0.1863161301
845	0.1861508745
846	0.1857140088
847	0.1854596767
848	0.1851910322
849	0.1849919391
850	0.1847173872
851	0.1844975994
852	0.1843724683
853	0.1842108931
854	0.1841233425
855	0.1838405011
856	0.1834664144
857	0.1832083646
858	0.1830927908
859	0.1829647997
860	0.1827623408
861	0.1826470133
862	0.1823668028
863	0.1820419445
864	0.181864773
865	0.1817434986
866	0.1815471582
867	0.1812559036
868	0.1811378425
869	0.1809208656
870	0.1806855692
871	0.1804636331
872	0.1802899784
873	0.1799126002
874	0.1796649654
875	0.1795015011
876	0.1792519021
877	0.1790108371
878	0.1788277352
879	0.1785742305
880	0.1783482832
881	0.1782422764
882	0.178006712
883	0.1777984209
884	0.1775085669
885	0.1774440713
886	0.1773080431
887	0.1770038891
888	0.1768482201
889	0.1765586879
890	0.1761856792
891	0.1758128362
892	0.1757659659
893	0.1755338975
894	0.1752859586
895	0.1751361853
896	0.174904198
897	0.1746875683
898	0.1744325105
899	0.1741361417
900	0.1739711995
901	0.1737903312
902	0.1736209975
903	0.173328164
904	0.1731498883
905	0.1729722073
906	0.1728312624
907	0.1726280274
908	0.1724746829
909	0.1722174959
910	0.1719790669
911	0.1717228485
912	0.1714605282
913	0.1711975406
914	0.1709893742
915	0.1708262497
916	0.1705401759
917	0.1703865092
918	0.1702603123
919	0.1700629854
920	0.1697333246
921	0.1696046864
922	0.1693460475
923	0.1692457345
924	0.1691363607
925	0.1690126861
926	0.1688383424
927	0.168655815
928	0.1684940635
929	0.1684227298
930	0.1681763146
931	0.1679282491
932	0.1678088319
933	0.1676473663
934	0.1674315902
935	0.1672791784
936	0.1670441292
937	0.1669593136
938	0.1666907828
939	0.1663906208
940	0.1661642152
941	0.1660431341
942	0.1658850533
943	0.1654825792
944	0.1652942125
945	0.1650047223
946	0.1646688384
947	0.1644513593
948	0.1643061603
949	0.1640129568
950	0.1638251843
951	0.1636117933
952	0.1634531325
953	0.1632537387
954	0.1629617915
955	0.162786024
956	0.1625869049
957	0.1625090057
958	0.1624323559
959	0.1622989793
960	0.1620215872
961	0.1619140961
962	0.1617948116
963	0.1616471205
964	0.1614675777
965	0.1612135872
966	0.1610452336
967	0.1609388573
968	0.1608247234
969	0.1604448266
970	0.1602907246
971	0.1601790737
972	0.1600661023
973	0.1599695888
974	0.1596570141
975	0.1594614517
976	0.1591510581
977	0.1589501908
978	0.1588505128
979	0.1586479127
980	0.1583733255
981	0.1582812149
982	0.1580876916
983	0.1579801769
984	0.1577206928
985	0.1576161075
986	0.1573203587
987	0.1571421365
988	0.1569708089
989	0.1568806344
990	0.1566957627
991	0.1566003077
992	0.156388804
993	0.1563041277
994	0.1560758968
995	0.1557796782
996	0.1555875282
997	0.1554031678
998	0.1553029042
999	0.1552307449
1000	0.1550744929
1001	0.1549196254
1002	0.1547006705
1003	0.1544170719
1004	0.1541206643
1005	0.1540455905
1006	0.1539310442
1007	0.1538860075
1008	0.1538066279
1009	0.1536727358
1010	0.1536219658
1011	0.1533925955
1012	0.153192474
1013	0.1529632698
1014	0.1528732141
1015	0.1527266635
1016	0.15245218
1017	0.1522703716
1018	0.1520257825
1019	0.1517295721
1020	0.1514814094
1021	0.1512993288
1022	0.1510963979
1023	0.1508847282
1024	0.1507656923
1025	0.1505179062
1026	0.1503446378
1027	0.1501884013
1028	0.150118058
1029	0.1499523757
1030	0.1497441909
1031	0.1495665506
1032	0.1493578274
1033	0.1491975032
1034	0.1491315157
1035	0.1490114809
1036	0.1487817544
1037	0.1486542092
1038	0.1483391014
1039	0.1480952269
1040	0.1478974569
1041	0.1477509797
1042	0.1476581317
1043	0.1475560968
1044	0.1474532935
1045	0.1472943281
1046	0.1471966855
1047	0.1470020979
1048	0.146777011
1049	0.1466943284
1050	0.1465245072
1051	0.1464124807
1052	0.1462266203
1053	0.146007686
1054	0.1458517553
1055	0.1458374001
1056	0.1456711084
1057	0.1454986044
1058	0.1452475106
1059	0.145007182
1060	0.1447633348
1061	0.1446989864
1062	0.1444635801
1063	0.1443618573
1064	0.144254798
1065	0.1440512585
1066	0.1438432586
1067	0.1437356751
1068	0.1435968679
1069	0.1434578825
1070	0.1433295758
1071	0.1432000532
1072	0.1429458146
1073	0.1428650292
1074	0.1427070206
1075	0.1425925109
1076	0.1424248358
1077	0.1422722523
1078	0.1420394898
1079	0.1418556353
1080	0.141743342
1081	0.1416115155
1082	0.1413475134
1083	0.1410949876
1084	0.141000402
1085	0.1408171803
1086	0.1406926511
1087	0.1404770083
1088	0.1402219203
1089	0.1401773061
1090	0.1399767716
1091	0.1398535501
1092	0.1397472971
1093	0.139585518
1094	0.1393535716
1095	0.1393196703
1096	0.1391883923
1097	0.1389827274
1098	0.1388894119
1099	0.1388013833
1100	0.1385682639
1101	0.1383769134
1102	0.1382375783
1103	0.1381164372
1104	0.1379273464
1105	0.1377913446
1106	0.1376072879
1107	0.1373996278
1108	0.1372658736
1109	0.1372177559
1110	0.1369857976
1111	0.1368406281
1112	0.1366255079
1113	0.1363883528
1114	0.1362348391
1115	0.1361442562
1116	0.135989982
1117	0.1358390164
1118	0.1355735137
1119	0.1353755405
1120	0.1352575074
1121	0.1350480745
1122	0.1348708235
1123	0.134782866
1124	0.1345730412
1125	0.134512315
1126	0.1343382625
1127	0.1341024431
1128	0.1338396036
1129	0.1337382123
1130	0.1335830198
1131	0.1334037529
1132	0.1332798437
1133	0.1330679377
1134	0.1329587957
1135	0.1328825256
1136	0.1327582187
1137	0.1326808694
1138	0.1325712077
1139	0.1324134054
1140	0.1323412362
1141	0.132234898
1142	0.1320240329
1143	0.1318809002
1144	0.1317026357
1145	0.1316594121
1146	0.1314789371
1147	0.1313707196
1148	0.1312211517
1149	0.1310469669
1150	0.1308699043
1151	0.1306467427
1152	0.1305302077
1153	0.1304706827
1154	0.1303224952
1155	0.1301941165
1156	0.130033048
1157	0.1299163185
1158	0.1298341171
1159	0.1296048198
1160	0.1295009051
1161	0.1291715494
1162	0.1290584359
1163	0.1289790966
1164	0.1289193456
1165	0.128861943
1166	0.1287461381
1167	0.1286498645
1168	0.1285175435
1169	0.1284215116
1170	0.1282912002
1171	0.1281091476
1172	0.1279468282
1173	0.1277864546
1174	0.1277048915
1175	0.1276392835
1176	0.1275024861
1177	0.1274059388
1178	0.1273027104
1179	0.1271028933
1180	0.1269106765
1181	0.1267611443
1182	0.1266419578
1183	0.126550365
1184	0.1264588751
1185	0.1264005751
1186	0.1262285086
1187	0.1261360187
1188	0.1260630257
1189	0.1259118628
1190	0.1257580692
1191	0.1255910161
1192	0.125508524
1193	0.1254006073
1194	0.1252936685
1195	0.1250675576
1196	0.1249125605
1197	0.1247566773
1198	0.1245704016
1199	0.124384681
1200	0.1242895291
1201	0.1241447592
1202	0.1239391025
1203	0.123692976
1204	0.123560707
1205	0.1234723071
1206	0.1233881248
1207	0.1232395266
1208	0.1230773015
1209	0.1229804396
1210	0.1228701585
1211	0.1228077758
1212	0.1226778033
1213	0.1225441011
1214	0.1224097903
1215	0.1223824875
1216	0.1222946435
1217	0.1221866639
1218	0.1220839043
1219	0.1219161331
1220	0.1218903572
1221	0.1217205883
1222	0.1215913209
1223	0.1212944063
1224	0.1210955446
1225	0.1209071114
1226	0.1207540293
1227	0.1205398735
1228	0.1204340724
1229	0.1203867668
1230	0.1202695973
1231	0.120206257
1232	0.120093658
1233	0.1199562395
1234	0.1198966936
1235	0.1197854864
1236	0.1197166229
1237	0.1195796008
1238	0.1194224591
1239	0.1192836187
1240	0.1191216962
1241	0.1190256436
1242	0.1189367372
1243	0.1187739033
1244	0.118667101
1245	0.1185724672
1246	0.1185173542
1247	0.1184526602
1248	0.1183542437
1249	0.1181800987
1250	0.1180499469
1251	0.1179754844
1252	0.1179544895
1253	0.1178971505
1254	0.1177687739
1255	0.1176547133
1256	0.1175171355
1257	0.1173718569
1258	0.1173099415
1259	0.1172416081
1260	0.1171654103
1261	0.1170674307
1262	0.1170486806
1263	0.1169364265
1264	0.1167624593
1265	0.1166585672
1266	0.1166124859
1267	0.1165215926
1268	0.1164114219
1269	0.1162840618
1270	0.1162463165
1271	0.1161557315
1272	0.1161127262
1273	0.1159078573
1274	0.1158398849
1275	0.1157561774
1276	0.1156860192
1277	0.1155622211
1278	0.1153985292
1279	0.1152881666
1280	0.1150770014
1281	0.1150084646
1282	0.1147971304
1283	0.1146569936
1284	0.1145380756
1285	0.1143839741
1286	0.1142437617
1287	0.1142148797
1288	0.1141090931
1289	0.1139944345
1290	0.1139575642
1291	0.1139216394
1292	0.1137568269
1293	0.1136959435
1294	0.1135862048
1295	0.1135237885
1296	0.1134937996
1297	0.1134446035
1298	0.1132450852
1299	0.1132170256
1300	0.113088166
1301	0.1130235641
1302	0.1129266751
1303	0.1128234576
1304	0.1126315627
1305	0.1125299934
1306	0.1124543776
1307	0.1123569955
1308	0.1123052799
1309	0.1122320776
1310	0.1121114681
1311	0.1120644744
1312	0.1118947097
1313	0.1117956879
1314	0.1117641132
1315	0.1117344242
1316	0.1116160985
1317	0.1114701285
1318	0.1114241738
1319	0.1113396424
1320	0.1113035288
1321	0.1112197361
1322	0.1111041534
1323	0.1109536049
1324	0.1108625202
1325	0.1107621453
1326	0.110659223
1327	0.1105609862
1328	0.110420851
1329	0.1103117879
1330	0.1102141038
1331	0.1100994024
1332	0.1099597197
1333	0.1099467965
1334	0.1099156734
1335	0.1097645158
1336	0.1097230273
1337	0.1096178099
1338	0.1094403209
1339	0.1093716563
1340	0.1092942903
1341	0.1092169359
1342	0.1091417773
1343	0.1090491999
1344	0.1089357668
1345	0.1087668668
1346	0.1086362821
1347	0.1085155125
1348	0.1083647669
1349	0.1082929616
1350	0.1082557523
1351	0.1080942643
1352	0.1079941812
1353	0.1078217642
1354	0.1076819975
1355	0.1075969148
1356	0.1074919568
1357	0.1074584731
1358	0.1073845717
1359	0.1072718898
1360	0.1071779208
1361	0.1070553146
1362	0.1069814815
1363	0.1068887529
1364	0.106788134
1365	0.106631279
1366	0.1065418128
1367	0.1064383183
1368	0.1062455316
1369	0.1061202261
1370	0.1060469864
1371	0.1058764742
1372	0.1058134743
1373	0.1057842405
1374	0.1056434875
1375	0.105464963
1376	0.1053487876
1377	0.1052423625
1378	0.1051416496
1379	0.1050502595
1380	0.1049069287
1381	0.1048020936
1382	0.1046669244
1383	0.1046117963
1384	0.1045022207
1385	0.1043614624
1386	0.1042414344
1387	0.1041369576
1388	0.104006726
1389	0.1039135656
1390	0.1037352259
1391	0.1036625183
1392	0.1035679842
1393	0.1034312338
1394	0.1032997716
1395	0.1032185441
1396	0.1031287367
1397	0.1030605667
1398	0.1029501232
1399	0.1029062546
1400	0.1027815889
1401	0.1026583637
1402	0.1025586188
1403	0.1025152067
1404	0.1024790294
1405	0.1023660499
1406	0.1022662789
1407	0.1021142904
1408	0.1020501307
1409	0.1019041061
1410	0.1018004306
1411	0.1016576448
1412	0.1015146078
1413	0.1013382695
1414	0.1012228786
1415	0.1011201582
1416	0.1010333677
1417	0.1009605808
1418	0.1008698089
1419	0.1008377333
1420	0.1007440042
1421	0.1006629515
1422	0.1005589613
1423	0.1004981462
1424	0.1003892333
1425	0.1003039323
1426	0.1002809525
1427	0.1001791318
1428	0.1001036397
1429	0.100005049
1430	0.09992722136
1431	0.09981680862
1432	0.09976264392
1433	0.09972602513
1434	0.09956494617
1435	0.09950820409
1436	0.09943100406
1437	0.09931016679
1438	0.09912688885
1439	0.09897969569
1440	0.09887787133
1441	0.09877700401
1442	0.09872073561
1443	0.09866347862
1444	0.0985911556
1445	0.09853548217
1446	0.09845186978
1447	0.09836354627
1448	0.09833651252
1449	0.09810883699
1450	0.09798196275
1451	0.09793821372
1452	0.09787671235
1453	0.09783824154
1454	0.09768060241
1455	0.09754378105
1456	0.09750974619
1457	0.09742471476
1458	0.09736957874
1459	0.09726934894
1460	0.09718539464
1461	0.09703173731
1462	0.09688870002
1463	0.09674004504
1464	0.09666776267
1465	0.09661885539
1466	0.09643987677
1467	0.09629385644
1468	0.09620700431
1469	0.09615271151
1470	0.09604923682
1471	0.09598325035
1472	0.09584007751
1473	0.09574748143
1474	0.09563826183
1475	0.0954789536
1476	0.09542863102
1477	0.09537541682
1478	0.09532521952
1479	0.09523907854
1480	0.09508553208
1481	0.09503427565
1482	0.09498066656
1483	0.09493361744
1484	0.0948790327
1485	0.09479234769
1486	0.09468508682
1487	0.09461559065
1488	0.09458668401
1489	0.09445902578
1490	0.09436873411
1491	0.09432152827
1492	0.09418374297
1493	0.09406771678
1494	0.09398774437
1495	0.09389978434
1496	0.09382656344
1497	0.09375501155
1498	0.09366785083
1499	0.09360165651
1500	0.0934810184
1501	0.09343892658
1502	0.09339417343
1503	0.09324566986
1504	0.09319648807
1505	0.09306338496
1506	0.09301289422
1507	0.09292058486
1508	0.09281154752
1509	0.09274601936
1510	0.09255726331
1511	0.09249033349
1512	0.09236110848
1513	0.0922560271
1514	0.09213979529
1515	0.09203901577
1516	0.09196997554
1517	0.09188607006
1518	0.09184234533
1519	0.09169980082
1520	0.091620659
1521	0.09156417886
1522	0.09143170401
1523	0.09132906834
1524	0.09123019645
1525	0.09118207773
1526	0.09111449764
1527	0.09109984583
1528	0.09106979378
1529	0.09093417303
1530	0.09085758839
1531	0.09076539544
1532	0.09070935242
1533	0.09063666973
1534	0.09058798552
1535	0.09049865799
1536	0.09035151764
1537	0.09023382424
1538	0.09018255934
1539	0.09009236262
1540	0.09001093497
1541	0.08995909762
1542	0.08990896507
1543	0.08977588899
1544	0.08962227936
1545	0.08953661824
1546	0.08943444095
1547	0.08934852334
1548	0.08927341723
1549	0.08921758694
1550	0.08914176102
1551	0.08907229375
1552	0.08901591928
1553	0.08896548149
1554	0.08886584146
1555	0.08876219607
1556	0.08866817864
1557	0.08854890097
1558	0.08845947702
1559	0.0883323774
1560	0.08825302518
1561	0.08820661565
1562	0.08810912274
1563	0.08793846492
1564	0.08784552807
1565	0.08782505361
1566	0.08776723446
1567	0.08770193736
1568	0.08763777144
1569	0.08754470889
1570	0.08747920024
1571	0.08741122806
1572	0.08734859406
1573	0.08725497624
1574	0.08713015982
1575	0.0870528985
1576	0.08697596883
1577	0.08686121197
1578	0.08675835409
1579	0.08671964784
1580	0.08665779579
1581	0.08663531703
1582	0.08655222954
1583	0.08651332643
1584	0.08645475981
1585	0.08638194007
1586	0.0863283167
1587	0.08623912008
1588	0.08622434109
1589	0.08619177943
1590	0.08612398275
1591	0.08599323334
1592	0.08593617375
1593	0.08587083239
1594	0.0857877089
1595	0.08569699611
1596	0.08562218976
1597	0.08559142704
1598	0.0854748093
1599	0.08538162487
1600	0.08530982052
1601	0.0852327192
1602	0.08517754995
1603	0.0850906883
1604	0.08504062978
1605	0.08492991339
1606	0.08490929327
1607	0.08480959518
1608	0.08469945269
1609	0.08462616497
1610	0.08454316422
1611	0.08443641185
1612	0.08434564435
1613	0.08425173313
1614	0.08415005386
1615	0.08412947806
1616	0.08404773421
1617	0.08397968674
1618	0.08394592618
1619	0.08392017485
1620	0.08380503457
1621	0.08371217263
1622	0.08366009012
1623	0.08355234332
1624	0.08348458431
1625	0.0834117951
1626	0.0833157003
1627	0.08327296575
1628	0.08314517267
1629	0.08308453885
1630	0.08300472542
1631	0.08285893992
1632	0.0827624417
1633	0.08265651127
1634	0.08260748413
1635	0.08253560898
1636	0.08244946381
1637	0.08235492401
1638	0.0823004554
1639	0.08223874569
1640	0.08213273929
1641	0.08205032313
1642	0.08196481558
1643	0.08192225991
1644	0.08183410336
1645	0.08168918085
1646	0.08161426219
1647	0.08152968434
1648	0.08143649306
1649	0.08131975353
1650	0.08126118472
1651	0.08118331298
1652	0.08115116949
1653	0.08110088639
1654	0.08101205806
1655	0.08096159882
1656	0.0808681568
1657	0.08080992042
1658	0.0807386796
1659	0.08066646413
1660	0.08057058402
1661	0.08049788837
1662	0.08042715104
1663	0.08037460616
1664	0.08027636159
1665	0.08019356933
1666	0.08009849136
1667	0.08003772031
1668	0.08002615453
1669	0.07993023039
1670	0.07986793974
1671	0.07980811409
1672	0.07973956298
1673	0.0796271927
1674	0.07952627512
1675	0.07941526768
1676	0.0793188541
1677	0.07923126343
1678	0.07917329443
1679	0.07909465813
1680	0.07901913976
1681	0.07898519792
1682	0.07887150405
1683	0.07883084885
1684	0.0787737678
1685	0.07867262977
1686	0.07860472723
1687	0.07855573313
1688	0.07852665971
1689	0.07844383806
1690	0.07838155618
1691	0.07830229929
1692	0.07825718665
1693	0.07819938638
1694	0.0780623274
1695	0.07801220292
1696	0.07791078156
1697	0.07779789183
1698	0.07768627867
1699	0.07763617065
1700	0.0775824084
1701	0.07752410147
1702	0.07745647324
1703	0.07742098804
1704	0.07735908851
1705	0.0773067674
1706	0.07724667192
1707	0.0771763273
1708	0.07708824856
1709	0.07704460845
1710	0.07694702761
1711	0.0768804667
1712	0.07682806121
1713	0.07677712475
1714	0.0766991831
1715	0.07660728718
1716	0.07648502091
1717	0.07643012853
1718	0.07633660849
1719	0.07625385388
1720	0.07618917625
1721	0.07610945914
1722	0.07599352363
1723	0.0759412492
1724	0.07585827539
1725	0.07575532563
1726	0.07568342546
1727	0.07554179381
1728	0.07547546878
1729	0.07545313318
1730	0.07537752432
1731	0.07533622136
1732	0.07529941886
1733	0.07519196336
1734	0.07514777368
1735	0.07505364179
1736	0.07498394549
1737	0.07494307017
1738	0.07482801997
1739	0.07473751519
1740	0.07471888421
1741	0.0746744827
1742	0.07459178044
1743	0.07450914585
1744	0.07446909945
1745	0.07443201391
1746	0.07436980902
1747	0.07433426366
1748	0.0742606432
1749	0.07422878008
1750	0.07420480427
1751	0.07413734613
1752	0.07410618142
1753	0.07403543269
1754	0.07397371393
1755	0.07391129255
1756	0.07389537551
1757	0.0738247564
1758	0.07369427386
1759	0.0736571059
1760	0.07360957598
1761	0.07353511617
1762	0.07350215572
1763	0.07348357425
1764	0.07341756465
1765	0.07331325124
1766	0.07323727619
1767	0.07318435177
1768	0.0730974843
1769	0.07302033152
1770	0.07291484022
1771	0.07288351464
1772	0.07279237102
1773	0.07270640706
1774	0.07266095521
1775	0.07255776593
1776	0.07252687753
1777	0.07248120951
1778	0.07242703267
1779	0.07233518191
1780	0.07227550753
1781	0.07223394284
1782	0.07220453544
1783	0.07218446957
1784	0.07213111692
1785	0.07205112544
1786	0.07199516762
1787	0.07194653588
1788	0.07189792432
1789	0.07184757164
1790	0.07178029596
1791	0.07171863689
1792	0.0716437871
1793	0.07161464978
1794	0.07150890761
1795	0.07143167456
1796	0.07137447831
1797	0.07132826367
1798	0.07125701217
1799	0.07121366594
1800	0.07115050099
1801	0.07103996487
1802	0.07093203253
1803	0.07085448612
1804	0.07079511894
1805	0.07073738893
1806	0.07069158309
1807	0.07063129004
1808	0.07053482322
1809	0.07048675322
1810	0.07042021409
1811	0.0703097873
1812	0.07025079502
1813	0.07018443677
1814	0.07013529138
1815	0.07006859952
1816	0.07002850171
1817	0.06993431911
1818	0.0698267797
1819	0.06976737287
1820	0.06973169597
1821	0.06968443242
1822	0.06964883128
1823	0.06956920662
1824	0.06953649771
1825	0.06950994921
1826	0.06944347735
1827	0.06940972652
1828	0.06933598736
1829	0.06927320067
1830	0.06922105158
1831	0.06917632276
1832	0.06907823899
1833	0.06899294855
1834	0.06895121847
1835	0.06885235698
1836	0.06882089991
1837	0.06875767929
1838	0.06865412767
1839	0.06855309433
1840	0.06847129665
1841	0.06844679919
1842	0.06837120206
1843	0.06830650105
1844	0.06825839409
1845	0.06822869064
1846	0.06813460208
1847	0.06810897039
1848	0.06805413909
1849	0.06795423776
1850	0.0678638511
1851	0.06783620889
1852	0.06774991573
1853	0.06769965594
1854	0.06764658242
1855	0.06761474222
1856	0.06755648909
1857	0.06749339178
1858	0.06741111831
1859	0.06736655721
1860	0.06734849975
1861	0.06726617575
1862	0.06723163183
1863	0.06717979129
1864	0.06713519087
1865	0.06702360819
1866	0.06692337313
1867	0.0668523776
1868	0.0667916962
1869	0.0667478888
1870	0.06666730814
1871	0.06658476086
1872	0.06650205068
1873	0.06645587873
1874	0.06638064536
1875	0.06633993656
1876	0.06627803233
1877	0.06622006515
1878	0.066157599
1879	0.06612162175
1880	0.06604534959
1881	0.06593485198
1882	0.06590711137
1883	0.0658518209
1884	0.06575809222
1885	0.06570183678
1886	0.06561380933
1887	0.06557751752
1888	0.06553261084
1889	0.06545603378
1890	0.0653815808
1891	0.06532187593
1892	0.06531539194
1893	0.06527979697
1894	0.06525991132
1895	0.06517104684
1896	0.06514035675
1897	0.06504593526
1898	0.06497326769
1899	0.06492965358
1900	0.06482541752
1901	0.0647269934
1902	0.06467963545
1903	0.06461999377
1904	0.06454113415
1905	0.06449684745
1906	0.064432709
1907	0.06437139947
1908	0.06429013571
1909	0.06419786696
1910	0.06413191741
1911	0.06406406627
1912	0.06403497872
1913	0.06398715768
1914	0.06397768814
1915	0.06393386612
1916	0.0638877733
1917	0.06381554481
1918	0.06375470003
1919	0.06372133943
1920	0.06365042441
1921	0.06363143356
1922	0.06359681614
1923	0.0635149396
1924	0.06347249066
1925	0.06344116103
1926	0.06331563938
1927	0.06327720582
1928	0.06325151536
1929	0.06318696793
1930	0.06313532622
1931	0.06308736032
1932	0.0630546199
1933	0.0630092092
1934	0.06295290758
1935	0.06293762591
1936	0.06289049827
1937	0.06284528072
1938	0.06275027935
1939	0.06269511619
1940	0.06263680542
1941	0.06257912975
1942	0.06250462787
1943	0.06248180522
1944	0.06245603793
1945	0.06241121196
1946	0.06234650467
1947	0.06227627528
1948	0.06222710436
1949	0.06216364062
1950	0.06212215523
1951	0.06209160276
1952	0.06197725251
1953	0.0619050839
1954	0.06183038647
1955	0.06177923028
1956	0.06167779569
1957	0.06162593809
1958	0.06156375704
1959	0.06150987837
1960	0.06147058452
1961	0.06144269367
1962	0.06135923579
1963	0.06128563677
1964	0.06124041359
1965	0.06119827848
1966	0.06117077383
1967	0.06112340081
1968	0.06106452986
1969	0.06104044681
1970	0.0609913549
1971	0.06089442627
1972	0.06086336029
1973	0.06080759917
1974	0.06077723308
1975	0.06071747996
1976	0.06064914527
1977	0.06061894379
1978	0.06056663508
1979	0.06051475628
1980	0.06042914922
1981	0.06036332328
1982	0.06029465775
1983	0.06026735215
1984	0.06019833065
1985	0.06017675189
1986	0.06014894614
1987	0.06003214193
1988	0.05997690438
1989	0.05990905065
1990	0.05984984508
1991	0.05979697123
1992	0.05974231905
1993	0.05967192776
1994	0.05959180646
1995	0.05954038885
1996	0.05950382627
1997	0.05943845925
1998	0.05938794885
1999	0.05931025355
2000	0.05924470892
2001	0.05920764863
2002	0.05914622545
2003	0.05910941269
2004	0.05905315105
2005	0.05901112239
2006	0.05894929068
2007	0.05889385045
2008	0.0588196046
2009	0.05876681233
2010	0.05873411044
2011	0.05868590253
2012	0.05862823598
2013	0.05858953463
2014	0.05854543717
2015	0.05848992837
2016	0.05842930028
2017	0.05833860327
2018	0.05829985698
2019	0.05826564556
2020	0.05819284496
2021	0.05814027207
2022	0.0580931474
2023	0.05802406632
2024	0.05797310908
2025	0.05793325152
2026	0.0578971102
2027	0.05786917626
2028	0.05776380829
2029	0.05771404951
2030	0.05763865493
2031	0.05762326009
2032	0.0576058858
2033	0.05755371804
2034	0.0574939466
2035	0.05743284679
2036	0.05742761103
2037	0.05737175843
2038	0.05733114194
2039	0.05729803366
2040	0.05727082286
2041	0.05721562229
2042	0.05714540932
2043	0.05713141376
2044	0.05708142082
2045	0.0570226152
2046	0.05694956763
2047	0.05688367592
2048	0.05687283295
2049	0.05682590137
2050	0.05675994388
2051	0.05666900031
2052	0.05661437258
2053	0.05660275695
2054	0.05655285268
2055	0.05650603439
2056	0.05646872998
2057	0.05643877245
2058	0.056391439
2059	0.05637842021
2060	0.05630929132
2061	0.05624444225
2062	0.05616861519
2063	0.05608725537
2064	0.05604018412
2065	0.05598187627
2066	0.05592736113
2067	0.05584170064
2068	0.05577611249
2069	0.0557491808
2070	0.05569796864
2071	0.05562908798
2072	0.05557602508
2073	0.05555386991
2074	0.05551818707
2075	0.05548752426
2076	0.05545032465
2077	0.05539584882
2078	0.05532310573
2079	0.05529337101
2080	0.05525850185
2081	0.05521883593
2082	0.05520403587
2083	0.0551751492
2084	0.0551429866
2085	0.05504172079
2086	0.05501590749
2087	0.05497647933
2088	0.05494642045
2089	0.05492148123
2090	0.05488373904
2091	0.05486909786
2092	0.05484158924
2093	0.05475371314
2094	0.05468688962
2095	0.0546084511
2096	0.05454789382
2097	0.05451890849
2098	0.05446967853
2099	0.05445591522
2100	0.05440271602
2101	0.05434169426
2102	0.05427924692
2103	0.05425841146
2104	0.05420354093
2105	0.05411470076
2106	0.0540507821
2107	0.05402061421
2108	0.05398959783
2109	0.05393772262
2110	0.0538504722
2111	0.05380806531
2112	0.05376573111
2113	0.05367516899
2114	0.05360505887
2115	0.05357629872
2116	0.05355184665
2117	0.05349971954
2118	0.05346974091
2119	0.0534516097
2120	0.05341779638
2121	0.0533890475
2122	0.0533417984
2123	0.05329321588
2124	0.05322852696
2125	0.05320379019
2126	0.05317174728
2127	0.05312516588
2128	0.05307570981
2129	0.05301830942
2130	0.05299013626
2131	0.05293011711
2132	0.05290272489
2133	0.05286431875
2134	0.05283817076
2135	0.05277188556
2136	0.05273811028
2137	0.05268333076
2138	0.05265589814
2139	0.05263220231
2140	0.05261162723
2141	0.05254190569
2142	0.05247556501
2143	0.05242764687
2144	0.05236571153
2145	0.05230975572
2146	0.05225945064
2147	0.0522183151
2148	0.05216102042
2149	0.05211041933
2150	0.0520660134
2151	0.05202907904
2152	0.05198239252
2153	0.05195598439
2154	0.05189857852
2155	0.05188035042
2156	0.05182035345
2157	0.05180758793
2158	0.05177726602
2159	0.05173816456
2160	0.05169519534
2161	0.05165565266
2162	0.05162282166
2163	0.05158345562
2164	0.05153763595
2165	0.05147210144
2166	0.05143722584
2167	0.05136738652
2168	0.05131513256
2169	0.05124131324
2170	0.05116470755
2171	0.05115177813
2172	0.05112361093
2173	0.05108728668
2174	0.05106407273
2175	0.05104920199
2176	0.05101954002
2177	0.05098097979
2178	0.05093147805
2179	0.05091086091
2180	0.0508549708
2181	0.05081795392
2182	0.05079746853
2183	0.05076158002
2184	0.05072250269
2185	0.05067862388
2186	0.0506288305
2187	0.05058619847
2188	0.05055344052
2189	0.05052903201
2190	0.05047633484
2191	0.0504403749
2192	0.05038366892
2193	0.05032023403
2194	0.05027816656
2195	0.05019854698
2196	0.05016210473
2197	0.05013598793
2198	0.05009375445
2199	0.05005029183
2200	0.05002215284
2201	0.04997715897
2202	0.04995141302
2203	0.04993823076
2204	0.04989506009
2205	0.04986039539
2206	0.04977703909
2207	0.04973145869
2208	0.04967369533
2209	0.04965008083
2210	0.04961250413
2211	0.04958546238
2212	0.04952972733
2213	0.04950868996
2214	0.04948178712
2215	0.04944049245
2216	0.04939756517
2217	0.04934770966
2218	0.04928721554
2219	0.04922882736
2220	0.04917195778
2221	0.04910039037
2222	0.04905222501
2223	0.04900419398
2224	0.04895391787
2225	0.0489349184
2226	0.04890637523
2227	0.04885797826
2228	0.04880021247
2229	0.04875996931
2230	0.04869861944
2231	0.04861643779
2232	0.0485816173
2233	0.0485549805
2234	0.04851726323
2235	0.0484805524
2236	0.04838144573
2237	0.04835599778
2238	0.04832684964
2239	0.04828353558
2240	0.04822831742
2241	0.04820343482
2242	0.04818334653
2243	0.04815876306
2244	0.0481050838
2245	0.04805481916
2246	0.04800966099
2247	0.04798920704
2248	0.04796038692
2249	0.04791313394
2250	0.0478861517
2251	0.04784546912
2252	0.04781954019
2253	0.04775936456
2254	0.04768165849
2255	0.04766201158
2256	0.04763043442
2257	0.04756637987
2258	0.04748942721
2259	0.04746664295
2260	0.04739992411
2261	0.04735094812
2262	0.0473040214
2263	0.04728760421
2264	0.04724832849
2265	0.04717685019
2266	0.04712917608
2267	0.04710340803
2268	0.04705240646
2269	0.04702542797
2270	0.04697705867
2271	0.04691521549
2272	0.04686778467
2273	0.04683348397
2274	0.04678261239
2275	0.04676571744
2276	0.04670665279
2277	0.04668136589
2278	0.04666901241
2279	0.04661290213
2280	0.04653252414
2281	0.04648300732
2282	0.04647078664
2283	0.04644888468
2284	0.04637572714
2285	0.046325444
2286	0.04627158177
2287	0.04624317244
2288	0.0462220239
2289	0.0461566552
2290	0.04612754954
2291	0.04608637612
2292	0.04605550318
2293	0.04601035259
2294	0.04596857062
2295	0.04594765004
2296	0.04588008801
2297	0.04585109152
2298	0.04583556412
2299	0.04575985483
2300	0.04571759004
2301	0.04564709524
2302	0.04560284311
2303	0.04558666292
2304	0.0455506266
2305	0.04553747796
2306	0.04549804974
2307	0.04545964427
2308	0.0454454203
2309	0.04541366606
2310	0.04538148243
2311	0.04530333079
2312	0.04528300316
2313	0.04525218646
2314	0.0452140895
2315	0.04516495104
2316	0.04514118232
2317	0.04510764186
2318	0.04504426574
2319	0.04501358159
2320	0.04497334066
2321	0.04492664066
2322	0.04490406529
2323	0.0448600693
2324	0.04481301428
2325	0.04477480804
2326	0.04475557569
2327	0.04471783058
2328	0.04469406977
2329	0.04466089259
2330	0.04462865179
2331	0.04456578194
2332	0.04453118403
2333	0.0444840234
2334	0.04445913145
2335	0.044439772
2336	0.04440068327
2337	0.04437961937
2338	0.04432751655
2339	0.04428421799
2340	0.0442414297
2341	0.04421960217
2342	0.0441839825
2343	0.04414270097
2344	0.04409134183
2345	0.04406598402
2346	0.04402638358
2347	0.04400607634
2348	0.04397260894
2349	0.04390210311
2350	0.04388783955
2351	0.0438460092
2352	0.04383072609
2353	0.04378578501
2354	0.04378049351
2355	0.04375590536
2356	0.04371513808
2357	0.0436664247
2358	0.04365213763
2359	0.04358875605
2360	0.04357247217
2361	0.04353626276
2362	0.04348242621
2363	0.04346352115
2364	0.04343743058
2365	0.0433983942
2366	0.04334744954
2367	0.04330812618
2368	0.04326961987
2369	0.04323296695
2370	0.04318312458
2371	0.04315212151
2372	0.04310424119
2373	0.04307707703
2374	0.04303715213
2375	0.04298895017
2376	0.0429549922
2377	0.04292557057
2378	0.04290045507
2379	0.04287620419
2380	0.04286120169
2381	0.04279731154
2382	0.0427637716
2383	0.0427332864
2384	0.04269229665
2385	0.04265878852
2386	0.04260862336
2387	0.04257360382
2388	0.04254497633
2389	0.04251611494
2390	0.04248685613
2391	0.04245063835
2392	0.042436732
2393	0.04241068684
2394	0.04239744355
2395	0.04236344206
2396	0.04232854647
2397	0.04225530645
2398	0.04221527634
2399	0.04219099569
2400	0.0421616406
2401	0.04213251546
2402	0.04210598666
2403	0.04209163266
2404	0.04206132469
2405	0.0420044925
2406	0.04199675841
2407	0.04197812848
2408	0.04197000348
2409	0.04194283878
2410	0.04191370513
2411	0.04187839459
2412	0.04183255018
2413	0.04179293154
2414	0.04172915955
2415	0.04170189728
2416	0.04167876852
2417	0.04165404903
2418	0.04160968676
2419	0.04156983432
2420	0.04154261271
2421	0.0415145004
2422	0.04149209814
2423	0.04145477573
2424	0.0414366801
2425	0.04140045898
2426	0.0413555788
2427	0.04130236596
2428	0.04124245123
2429	0.0412008336
2430	0.04118252503
2431	0.041130159
2432	0.04110371567
2433	0.04106228909
2434	0.04104485146
2435	0.04102535053
2436	0.0409525945
2437	0.04092408993
2438	0.04089199823
2439	0.04085778584
2440	0.04083334899
2441	0.04081348242
2442	0.04077534021
2443	0.04074846094
2444	0.04072681204
2445	0.04069691338
2446	0.04067239898
2447	0.04063601767
2448	0.04061247408
2449	0.04056843078
2450	0.04054542984
2451	0.0404929016
2452	0.04047685862
2453	0.04043565813
2454	0.04038954457
2455	0.04033577093
2456	0.04031001786
2457	0.04027233426
2458	0.04022074115
2459	0.04019099757
2460	0.04014470527
2461	0.04012123141
2462	0.04006756671
2463	0.04002841386
2464	0.03998542471
2465	0.03994851561
2466	0.03991354898
2467	0.0398937234
2468	0.03985484004
2469	0.03981163079
2470	0.0397823971
2471	0.03974391092
2472	0.03971043816
2473	0.03968152242
2474	0.0396468796
2475	0.03961282165
2476	0.03956078454
2477	0.03952889639
2478	0.03950016614
2479	0.03946524025
2480	0.03942120645
2481	0.03940374374
2482	0.03937639533
2483	0.03935619058
2484	0.03932372019
2485	0.03930131075
2486	0.03925446799
2487	0.03921585762
2488	0.03918280054
2489	0.03914630032
2490	0.03913609797
2491	0.03909655204
2492	0.03907166946
2493	0.0390443862
2494	0.03902255936
2495	0.03898605467
2496	0.03897166849
2497	0.03895655901
2498	0.03891545969
2499	0.03887888994
